{
  "fio version" : "fio-3.36",
  "timestamp" : 1768051904,
  "timestamp_ms" : 1768051904297,
  "time" : "Sat Jan 10 13:31:44 2026",
  "jobs" : [
    {
      "jobname" : "usbip_migration_rand_write_4k_qd1",
      "groupid" : 0,
      "job_start" : 1768051782631,
      "error" : 0,
      "eta" : 0,
      "elapsed" : 122,
      "job options" : {
        "name" : "usbip_migration_rand_write_4k_qd1",
        "filename" : "/mnt/usb/fio_test.bin",
        "rw" : "randwrite",
        "bs" : "4k",
        "direct" : "1",
        "iodepth" : "1",
        "numjobs" : "1",
        "time_based" : "1",
        "runtime" : "120",
        "group_reporting" : "1",
        "size" : "256M"
      },
      "read" : {
        "io_bytes" : 0,
        "io_kbytes" : 0,
        "bw_bytes" : 0,
        "bw" : 0,
        "iops" : 0.000000,
        "runtime" : 0,
        "total_ios" : 0,
        "short_ios" : 0,
        "drop_ios" : 0,
        "slat_ns" : {
          "min" : 0,
          "max" : 0,
          "mean" : 0.000000,
          "stddev" : 0.000000,
          "N" : 0
        },
        "clat_ns" : {
          "min" : 0,
          "max" : 0,
          "mean" : 0.000000,
          "stddev" : 0.000000,
          "N" : 0
        },
        "lat_ns" : {
          "min" : 0,
          "max" : 0,
          "mean" : 0.000000,
          "stddev" : 0.000000,
          "N" : 0
        },
        "bw_min" : 0,
        "bw_max" : 0,
        "bw_agg" : 0.000000,
        "bw_mean" : 0.000000,
        "bw_dev" : 0.000000,
        "bw_samples" : 0,
        "iops_min" : 0,
        "iops_max" : 0,
        "iops_mean" : 0.000000,
        "iops_stddev" : 0.000000,
        "iops_samples" : 0
      },
      "write" : {
        "io_bytes" : 122880,
        "io_kbytes" : 120,
        "bw_bytes" : 1010,
        "bw" : 0,
        "iops" : 0.246609,
        "runtime" : 121650,
        "total_ios" : 30,
        "short_ios" : 0,
        "drop_ios" : 0,
        "slat_ns" : {
          "min" : 0,
          "max" : 0,
          "mean" : 0.000000,
          "stddev" : 0.000000,
          "N" : 0
        },
        "clat_ns" : {
          "min" : 5653239,
          "max" : 5912945704,
          "mean" : 4054965792.266667,
          "stddev" : 835521325.729927,
          "N" : 30,
          "percentile" : {
            "1.000000" : 5668864,
            "5.000000" : 4009754624,
            "10.000000" : 4009754624,
            "20.000000" : 4043309056,
            "30.000000" : 4076863488,
            "40.000000" : 4076863488,
            "50.000000" : 4110417920,
            "60.000000" : 4143972352,
            "70.000000" : 4177526784,
            "80.000000" : 4177526784,
            "90.000000" : 4278190080,
            "95.000000" : 4395630592,
            "99.000000" : 5939134464,
            "99.500000" : 5939134464,
            "99.900000" : 5939134464,
            "99.950000" : 5939134464,
            "99.990000" : 5939134464
          }
        },
        "lat_ns" : {
          "min" : 5654010,
          "max" : 5912946325,
          "mean" : 4054966888.600000,
          "stddev" : 835521371.763939,
          "N" : 30
        },
        "bw_min" : 7,
        "bw_max" : 16,
        "bw_agg" : 100.000000,
        "bw_mean" : 8.214286,
        "bw_dev" : 1.548168,
        "bw_samples" : 28,
        "iops_min" : 1,
        "iops_max" : 4,
        "iops_mean" : 2.000000,
        "iops_stddev" : 0.471405,
        "iops_samples" : 28
      },
      "trim" : {
        "io_bytes" : 0,
        "io_kbytes" : 0,
        "bw_bytes" : 0,
        "bw" : 0,
        "iops" : 0.000000,
        "runtime" : 0,
        "total_ios" : 0,
        "short_ios" : 0,
        "drop_ios" : 0,
        "slat_ns" : {
          "min" : 0,
          "max" : 0,
          "mean" : 0.000000,
          "stddev" : 0.000000,
          "N" : 0
        },
        "clat_ns" : {
          "min" : 0,
          "max" : 0,
          "mean" : 0.000000,
          "stddev" : 0.000000,
          "N" : 0
        },
        "lat_ns" : {
          "min" : 0,
          "max" : 0,
          "mean" : 0.000000,
          "stddev" : 0.000000,
          "N" : 0
        },
        "bw_min" : 0,
        "bw_max" : 0,
        "bw_agg" : 0.000000,
        "bw_mean" : 0.000000,
        "bw_dev" : 0.000000,
        "bw_samples" : 0,
        "iops_min" : 0,
        "iops_max" : 0,
        "iops_mean" : 0.000000,
        "iops_stddev" : 0.000000,
        "iops_samples" : 0
      },
      "sync" : {
        "total_ios" : 0,
        "lat_ns" : {
          "min" : 0,
          "max" : 0,
          "mean" : 0.000000,
          "stddev" : 0.000000,
          "N" : 0
        }
      },
      "job_runtime" : 121649,
      "usr_cpu" : 0.004110,
      "sys_cpu" : 0.000000,
      "ctx" : 161,
      "majf" : 0,
      "minf" : 10,
      "iodepth_level" : {
        "1" : 100.000000,
        "2" : 0.000000,
        "4" : 0.000000,
        "8" : 0.000000,
        "16" : 0.000000,
        "32" : 0.000000,
        ">=64" : 0.000000
      },
      "iodepth_submit" : {
        "0" : 0.000000,
        "4" : 100.000000,
        "8" : 0.000000,
        "16" : 0.000000,
        "32" : 0.000000,
        "64" : 0.000000,
        ">=64" : 0.000000
      },
      "iodepth_complete" : {
        "0" : 0.000000,
        "4" : 100.000000,
        "8" : 0.000000,
        "16" : 0.000000,
        "32" : 0.000000,
        "64" : 0.000000,
        ">=64" : 0.000000
      },
      "latency_ns" : {
        "2" : 0.000000,
        "4" : 0.000000,
        "10" : 0.000000,
        "20" : 0.000000,
        "50" : 0.000000,
        "100" : 0.000000,
        "250" : 0.000000,
        "500" : 0.000000,
        "750" : 0.000000,
        "1000" : 0.000000
      },
      "latency_us" : {
        "2" : 0.000000,
        "4" : 0.000000,
        "10" : 0.000000,
        "20" : 0.000000,
        "50" : 0.000000,
        "100" : 0.000000,
        "250" : 0.000000,
        "500" : 0.000000,
        "750" : 0.000000,
        "1000" : 0.000000
      },
      "latency_ms" : {
        "2" : 0.000000,
        "4" : 0.000000,
        "10" : 3.333333,
        "20" : 0.000000,
        "50" : 0.000000,
        "100" : 0.000000,
        "250" : 0.000000,
        "500" : 0.000000,
        "750" : 0.000000,
        "1000" : 0.000000,
        "2000" : 0.000000,
        ">=2000" : 96.666667
      },
      "latency_depth" : 1,
      "latency_target" : 0,
      "latency_percentile" : 100.000000,
      "latency_window" : 0
    }
  ],
  "disk_util" : [
    {
      "name" : "sdb",
      "read_ios" : 126,
      "write_ios" : 34,
      "read_sectors" : 126,
      "write_sectors" : 237,
      "read_merges" : 0,
      "write_merges" : 0,
      "read_ticks" : 113,
      "write_ticks" : 126563,
      "in_queue" : 126677,
      "util" : 95.759897
    }
  ]
}
