{
  "fio version" : "fio-3.36",
  "timestamp" : 1767985857,
  "timestamp_ms" : 1767985857863,
  "time" : "Fri Jan  9 19:10:57 2026",
  "global options" : {
    "filename" : "/mnt/usb/fio_testfile.bin",
    "size" : "256m",
    "runtime" : "15",
    "iodepth" : "1",
    "numjobs" : "1",
    "ioengine" : "libaio",
    "direct" : "1",
    "time_based" : "1",
    "group_reporting" : "1",
    "randrepeat" : "0",
    "norandommap" : "1"
  },
  "jobs" : [
    {
      "jobname" : "rand_read_4k",
      "groupid" : 0,
      "job_start" : 1767985842803,
      "error" : 0,
      "eta" : 0,
      "elapsed" : 16,
      "job options" : {
        "rw" : "randread",
        "bs" : "4k"
      },
      "read" : {
        "io_bytes" : 47587328,
        "io_kbytes" : 46472,
        "bw_bytes" : 3172065,
        "bw" : 3097,
        "iops" : 774.430076,
        "runtime" : 15002,
        "total_ios" : 11618,
        "short_ios" : 0,
        "drop_ios" : 0,
        "slat_ns" : {
          "min" : 11482,
          "max" : 345954,
          "mean" : 19782.962472,
          "stddev" : 7002.885548,
          "N" : 11618
        },
        "clat_ns" : {
          "min" : 957871,
          "max" : 203120900,
          "mean" : 1269042.492426,
          "stddev" : 1879103.242697,
          "N" : 11618,
          "percentile" : {
            "1.000000" : 1036288,
            "5.000000" : 1073152,
            "10.000000" : 1089536,
            "20.000000" : 1138688,
            "30.000000" : 1155072,
            "40.000000" : 1187840,
            "50.000000" : 1204224,
            "60.000000" : 1236992,
            "70.000000" : 1286144,
            "80.000000" : 1384448,
            "90.000000" : 1515520,
            "95.000000" : 1564672,
            "99.000000" : 1662976,
            "99.500000" : 1695744,
            "99.900000" : 1777664,
            "99.950000" : 1925120,
            "99.990000" : 2211840
          }
        },
        "lat_ns" : {
          "min" : 980474,
          "max" : 203151328,
          "mean" : 1288825.454898,
          "stddev" : 1879281.663565,
          "N" : 11618
        },
        "bw_min" : 2304,
        "bw_max" : 3264,
        "bw_agg" : 99.976766,
        "bw_mean" : 3097.689655,
        "bw_dev" : 176.338778,
        "bw_samples" : 29,
        "iops_min" : 576,
        "iops_max" : 816,
        "iops_mean" : 774.413793,
        "iops_stddev" : 44.088804,
        "iops_samples" : 29
      },
      "write" : {
        "io_bytes" : 0,
        "io_kbytes" : 0,
        "bw_bytes" : 0,
        "bw" : 0,
        "iops" : 0.000000,
        "runtime" : 0,
        "total_ios" : 0,
        "short_ios" : 0,
        "drop_ios" : 0,
        "slat_ns" : {
          "min" : 0,
          "max" : 0,
          "mean" : 0.000000,
          "stddev" : 0.000000,
          "N" : 0
        },
        "clat_ns" : {
          "min" : 0,
          "max" : 0,
          "mean" : 0.000000,
          "stddev" : 0.000000,
          "N" : 0
        },
        "lat_ns" : {
          "min" : 0,
          "max" : 0,
          "mean" : 0.000000,
          "stddev" : 0.000000,
          "N" : 0
        },
        "bw_min" : 0,
        "bw_max" : 0,
        "bw_agg" : 0.000000,
        "bw_mean" : 0.000000,
        "bw_dev" : 0.000000,
        "bw_samples" : 0,
        "iops_min" : 0,
        "iops_max" : 0,
        "iops_mean" : 0.000000,
        "iops_stddev" : 0.000000,
        "iops_samples" : 0
      },
      "trim" : {
        "io_bytes" : 0,
        "io_kbytes" : 0,
        "bw_bytes" : 0,
        "bw" : 0,
        "iops" : 0.000000,
        "runtime" : 0,
        "total_ios" : 0,
        "short_ios" : 0,
        "drop_ios" : 0,
        "slat_ns" : {
          "min" : 0,
          "max" : 0,
          "mean" : 0.000000,
          "stddev" : 0.000000,
          "N" : 0
        },
        "clat_ns" : {
          "min" : 0,
          "max" : 0,
          "mean" : 0.000000,
          "stddev" : 0.000000,
          "N" : 0
        },
        "lat_ns" : {
          "min" : 0,
          "max" : 0,
          "mean" : 0.000000,
          "stddev" : 0.000000,
          "N" : 0
        },
        "bw_min" : 0,
        "bw_max" : 0,
        "bw_agg" : 0.000000,
        "bw_mean" : 0.000000,
        "bw_dev" : 0.000000,
        "bw_samples" : 0,
        "iops_min" : 0,
        "iops_max" : 0,
        "iops_mean" : 0.000000,
        "iops_stddev" : 0.000000,
        "iops_samples" : 0
      },
      "sync" : {
        "total_ios" : 0,
        "lat_ns" : {
          "min" : 0,
          "max" : 0,
          "mean" : 0.000000,
          "stddev" : 0.000000,
          "N" : 0
        }
      },
      "job_runtime" : 15001,
      "usr_cpu" : 0.746617,
      "sys_cpu" : 2.039864,
      "ctx" : 11644,
      "majf" : 0,
      "minf" : 13,
      "iodepth_level" : {
        "1" : 100.000000,
        "2" : 0.000000,
        "4" : 0.000000,
        "8" : 0.000000,
        "16" : 0.000000,
        "32" : 0.000000,
        ">=64" : 0.000000
      },
      "iodepth_submit" : {
        "0" : 0.000000,
        "4" : 100.000000,
        "8" : 0.000000,
        "16" : 0.000000,
        "32" : 0.000000,
        "64" : 0.000000,
        ">=64" : 0.000000
      },
      "iodepth_complete" : {
        "0" : 0.000000,
        "4" : 100.000000,
        "8" : 0.000000,
        "16" : 0.000000,
        "32" : 0.000000,
        "64" : 0.000000,
        ">=64" : 0.000000
      },
      "latency_ns" : {
        "2" : 0.000000,
        "4" : 0.000000,
        "10" : 0.000000,
        "20" : 0.000000,
        "50" : 0.000000,
        "100" : 0.000000,
        "250" : 0.000000,
        "500" : 0.000000,
        "750" : 0.000000,
        "1000" : 0.000000
      },
      "latency_us" : {
        "2" : 0.000000,
        "4" : 0.000000,
        "10" : 0.000000,
        "20" : 0.000000,
        "50" : 0.000000,
        "100" : 0.000000,
        "250" : 0.000000,
        "500" : 0.000000,
        "750" : 0.000000,
        "1000" : 0.154932
      },
      "latency_ms" : {
        "2" : 99.819246,
        "4" : 0.017215,
        "10" : 0.000000,
        "20" : 0.000000,
        "50" : 0.000000,
        "100" : 0.000000,
        "250" : 0.010000,
        "500" : 0.000000,
        "750" : 0.000000,
        "1000" : 0.000000,
        "2000" : 0.000000,
        ">=2000" : 0.000000
      },
      "latency_depth" : 1,
      "latency_target" : 0,
      "latency_percentile" : 100.000000,
      "latency_window" : 0
    }
  ],
  "disk_util" : [
    {
      "name" : "sdc",
      "read_ios" : 11521,
      "write_ios" : 0,
      "read_sectors" : 92168,
      "write_sectors" : 0,
      "read_merges" : 0,
      "write_merges" : 0,
      "read_ticks" : 14563,
      "write_ticks" : 0,
      "in_queue" : 14563,
      "util" : 97.548921
    }
  ]
}
