{
  "fio version" : "fio-3.36",
  "timestamp" : 1768426090,
  "timestamp_ms" : 1768426090520,
  "time" : "Wed Jan 14 21:28:10 2026",
  "jobs" : [
    {
      "jobname" : "usbip_migration_rand_write_4k_qd1",
      "groupid" : 0,
      "job_start" : 1768425969757,
      "error" : 0,
      "eta" : 0,
      "elapsed" : 121,
      "job options" : {
        "name" : "usbip_migration_rand_write_4k_qd1",
        "filename" : "/mnt/usb/fio_test.bin",
        "rw" : "randwrite",
        "bs" : "4k",
        "direct" : "1",
        "iodepth" : "1",
        "numjobs" : "1",
        "time_based" : "1",
        "runtime" : "120",
        "group_reporting" : "1",
        "size" : "256M"
      },
      "read" : {
        "io_bytes" : 0,
        "io_kbytes" : 0,
        "bw_bytes" : 0,
        "bw" : 0,
        "iops" : 0.000000,
        "runtime" : 0,
        "total_ios" : 0,
        "short_ios" : 0,
        "drop_ios" : 0,
        "slat_ns" : {
          "min" : 0,
          "max" : 0,
          "mean" : 0.000000,
          "stddev" : 0.000000,
          "N" : 0
        },
        "clat_ns" : {
          "min" : 0,
          "max" : 0,
          "mean" : 0.000000,
          "stddev" : 0.000000,
          "N" : 0
        },
        "lat_ns" : {
          "min" : 0,
          "max" : 0,
          "mean" : 0.000000,
          "stddev" : 0.000000,
          "N" : 0
        },
        "bw_min" : 0,
        "bw_max" : 0,
        "bw_agg" : 0.000000,
        "bw_mean" : 0.000000,
        "bw_dev" : 0.000000,
        "bw_samples" : 0,
        "iops_min" : 0,
        "iops_max" : 0,
        "iops_mean" : 0.000000,
        "iops_stddev" : 0.000000,
        "iops_samples" : 0
      },
      "write" : {
        "io_bytes" : 147456,
        "io_kbytes" : 144,
        "bw_bytes" : 1221,
        "bw" : 1,
        "iops" : 0.298127,
        "runtime" : 120754,
        "total_ios" : 36,
        "short_ios" : 0,
        "drop_ios" : 0,
        "slat_ns" : {
          "min" : 0,
          "max" : 0,
          "mean" : 0.000000,
          "stddev" : 0.000000,
          "N" : 0
        },
        "clat_ns" : {
          "min" : 5046576,
          "max" : 5840549674,
          "mean" : 3354251269.944445,
          "stddev" : 1694709334.642360,
          "N" : 36,
          "percentile" : {
            "1.000000" : 5079040,
            "5.000000" : 5144576,
            "10.000000" : 5472256,
            "20.000000" : 3976200192,
            "30.000000" : 4009754624,
            "40.000000" : 4043309056,
            "50.000000" : 4076863488,
            "60.000000" : 4110417920,
            "70.000000" : 4143972352,
            "80.000000" : 4143972352,
            "90.000000" : 4244635648,
            "95.000000" : 4244635648,
            "99.000000" : 5872025600,
            "99.500000" : 5872025600,
            "99.900000" : 5872025600,
            "99.950000" : 5872025600,
            "99.990000" : 5872025600
          }
        },
        "lat_ns" : {
          "min" : 5046916,
          "max" : 5840550346,
          "mean" : 3354252024.583334,
          "stddev" : 1694709264.708991,
          "N" : 36
        },
        "bw_min" : 7,
        "bw_max" : 24,
        "bw_agg" : 100.000000,
        "bw_mean" : 9.892857,
        "bw_dev" : 4.210562,
        "bw_samples" : 28,
        "iops_min" : 1,
        "iops_max" : 6,
        "iops_mean" : 2.392857,
        "iops_stddev" : 1.133310,
        "iops_samples" : 28
      },
      "trim" : {
        "io_bytes" : 0,
        "io_kbytes" : 0,
        "bw_bytes" : 0,
        "bw" : 0,
        "iops" : 0.000000,
        "runtime" : 0,
        "total_ios" : 0,
        "short_ios" : 0,
        "drop_ios" : 0,
        "slat_ns" : {
          "min" : 0,
          "max" : 0,
          "mean" : 0.000000,
          "stddev" : 0.000000,
          "N" : 0
        },
        "clat_ns" : {
          "min" : 0,
          "max" : 0,
          "mean" : 0.000000,
          "stddev" : 0.000000,
          "N" : 0
        },
        "lat_ns" : {
          "min" : 0,
          "max" : 0,
          "mean" : 0.000000,
          "stddev" : 0.000000,
          "N" : 0
        },
        "bw_min" : 0,
        "bw_max" : 0,
        "bw_agg" : 0.000000,
        "bw_mean" : 0.000000,
        "bw_dev" : 0.000000,
        "bw_samples" : 0,
        "iops_min" : 0,
        "iops_max" : 0,
        "iops_mean" : 0.000000,
        "iops_stddev" : 0.000000,
        "iops_samples" : 0
      },
      "sync" : {
        "total_ios" : 0,
        "lat_ns" : {
          "min" : 0,
          "max" : 0,
          "mean" : 0.000000,
          "stddev" : 0.000000,
          "N" : 0
        }
      },
      "job_runtime" : 120753,
      "usr_cpu" : 0.000000,
      "sys_cpu" : 0.004969,
      "ctx" : 167,
      "majf" : 0,
      "minf" : 11,
      "iodepth_level" : {
        "1" : 100.000000,
        "2" : 0.000000,
        "4" : 0.000000,
        "8" : 0.000000,
        "16" : 0.000000,
        "32" : 0.000000,
        ">=64" : 0.000000
      },
      "iodepth_submit" : {
        "0" : 0.000000,
        "4" : 100.000000,
        "8" : 0.000000,
        "16" : 0.000000,
        "32" : 0.000000,
        "64" : 0.000000,
        ">=64" : 0.000000
      },
      "iodepth_complete" : {
        "0" : 0.000000,
        "4" : 100.000000,
        "8" : 0.000000,
        "16" : 0.000000,
        "32" : 0.000000,
        "64" : 0.000000,
        ">=64" : 0.000000
      },
      "latency_ns" : {
        "2" : 0.000000,
        "4" : 0.000000,
        "10" : 0.000000,
        "20" : 0.000000,
        "50" : 0.000000,
        "100" : 0.000000,
        "250" : 0.000000,
        "500" : 0.000000,
        "750" : 0.000000,
        "1000" : 0.000000
      },
      "latency_us" : {
        "2" : 0.000000,
        "4" : 0.000000,
        "10" : 0.000000,
        "20" : 0.000000,
        "50" : 0.000000,
        "100" : 0.000000,
        "250" : 0.000000,
        "500" : 0.000000,
        "750" : 0.000000,
        "1000" : 0.000000
      },
      "latency_ms" : {
        "2" : 0.000000,
        "4" : 0.000000,
        "10" : 16.666667,
        "20" : 2.777778,
        "50" : 0.000000,
        "100" : 0.000000,
        "250" : 0.000000,
        "500" : 0.000000,
        "750" : 0.000000,
        "1000" : 0.000000,
        "2000" : 0.000000,
        ">=2000" : 80.555556
      },
      "latency_depth" : 1,
      "latency_target" : 0,
      "latency_percentile" : 100.000000,
      "latency_window" : 0
    }
  ],
  "disk_util" : [
    {
      "name" : "sdb",
      "read_ios" : 126,
      "write_ios" : 40,
      "read_sectors" : 126,
      "write_sectors" : 285,
      "read_merges" : 0,
      "write_merges" : 0,
      "read_ticks" : 109,
      "write_ticks" : 129309,
      "in_queue" : 129418,
      "util" : 95.484015
    }
  ]
}
