{
  "fio version" : "fio-3.36",
  "timestamp" : 1767986100,
  "timestamp_ms" : 1767986100222,
  "time" : "Fri Jan  9 19:15:00 2026",
  "global options" : {
    "filename" : "/mnt/usb/fio_testfile.bin",
    "size" : "256m",
    "runtime" : "15",
    "iodepth" : "1",
    "numjobs" : "1",
    "ioengine" : "libaio",
    "direct" : "1",
    "time_based" : "1",
    "group_reporting" : "1",
    "randrepeat" : "0",
    "norandommap" : "1"
  },
  "jobs" : [
    {
      "jobname" : "rand_read_4k",
      "groupid" : 0,
      "job_start" : 1767986084698,
      "error" : 0,
      "eta" : 0,
      "elapsed" : 16,
      "job options" : {
        "rw" : "randread",
        "bs" : "4k"
      },
      "read" : {
        "io_bytes" : 81920,
        "io_kbytes" : 80,
        "bw_bytes" : 5289,
        "bw" : 5,
        "iops" : 1.291322,
        "runtime" : 15488,
        "total_ios" : 20,
        "short_ios" : 0,
        "drop_ios" : 0,
        "slat_ns" : {
          "min" : 22523,
          "max" : 76214,
          "mean" : 43993.800000,
          "stddev" : 15464.730309,
          "N" : 20
        },
        "clat_ns" : {
          "min" : 602490264,
          "max" : 1262247724,
          "mean" : 774294160.950000,
          "stddev" : 231062007.251990,
          "N" : 20,
          "percentile" : {
            "1.000000" : 599785472,
            "5.000000" : 599785472,
            "10.000000" : 599785472,
            "20.000000" : 608174080,
            "30.000000" : 608174080,
            "40.000000" : 608174080,
            "50.000000" : 616562688,
            "60.000000" : 633339904,
            "70.000000" : 1010827264,
            "80.000000" : 1027604480,
            "90.000000" : 1035993088,
            "95.000000" : 1132462080,
            "99.000000" : 1266679808,
            "99.500000" : 1266679808,
            "99.900000" : 1266679808,
            "99.950000" : 1266679808,
            "99.990000" : 1266679808
          }
        },
        "lat_ns" : {
          "min" : 602532864,
          "max" : 1262298479,
          "mean" : 774338154.750000,
          "stddev" : 231056463.102869,
          "N" : 20
        },
        "bw_min" : 2,
        "bw_max" : 8,
        "bw_agg" : 100.000000,
        "bw_mean" : 6.947368,
        "bw_dev" : 1.268143,
        "bw_samples" : 19,
        "iops_min" : 0,
        "iops_max" : 2,
        "iops_mean" : 1.157895,
        "iops_stddev" : 0.501460,
        "iops_samples" : 19
      },
      "write" : {
        "io_bytes" : 0,
        "io_kbytes" : 0,
        "bw_bytes" : 0,
        "bw" : 0,
        "iops" : 0.000000,
        "runtime" : 0,
        "total_ios" : 0,
        "short_ios" : 0,
        "drop_ios" : 0,
        "slat_ns" : {
          "min" : 0,
          "max" : 0,
          "mean" : 0.000000,
          "stddev" : 0.000000,
          "N" : 0
        },
        "clat_ns" : {
          "min" : 0,
          "max" : 0,
          "mean" : 0.000000,
          "stddev" : 0.000000,
          "N" : 0
        },
        "lat_ns" : {
          "min" : 0,
          "max" : 0,
          "mean" : 0.000000,
          "stddev" : 0.000000,
          "N" : 0
        },
        "bw_min" : 0,
        "bw_max" : 0,
        "bw_agg" : 0.000000,
        "bw_mean" : 0.000000,
        "bw_dev" : 0.000000,
        "bw_samples" : 0,
        "iops_min" : 0,
        "iops_max" : 0,
        "iops_mean" : 0.000000,
        "iops_stddev" : 0.000000,
        "iops_samples" : 0
      },
      "trim" : {
        "io_bytes" : 0,
        "io_kbytes" : 0,
        "bw_bytes" : 0,
        "bw" : 0,
        "iops" : 0.000000,
        "runtime" : 0,
        "total_ios" : 0,
        "short_ios" : 0,
        "drop_ios" : 0,
        "slat_ns" : {
          "min" : 0,
          "max" : 0,
          "mean" : 0.000000,
          "stddev" : 0.000000,
          "N" : 0
        },
        "clat_ns" : {
          "min" : 0,
          "max" : 0,
          "mean" : 0.000000,
          "stddev" : 0.000000,
          "N" : 0
        },
        "lat_ns" : {
          "min" : 0,
          "max" : 0,
          "mean" : 0.000000,
          "stddev" : 0.000000,
          "N" : 0
        },
        "bw_min" : 0,
        "bw_max" : 0,
        "bw_agg" : 0.000000,
        "bw_mean" : 0.000000,
        "bw_dev" : 0.000000,
        "bw_samples" : 0,
        "iops_min" : 0,
        "iops_max" : 0,
        "iops_mean" : 0.000000,
        "iops_stddev" : 0.000000,
        "iops_samples" : 0
      },
      "sync" : {
        "total_ios" : 0,
        "lat_ns" : {
          "min" : 0,
          "max" : 0,
          "mean" : 0.000000,
          "stddev" : 0.000000,
          "N" : 0
        }
      },
      "job_runtime" : 15487,
      "usr_cpu" : 0.000000,
      "sys_cpu" : 0.012914,
      "ctx" : 20,
      "majf" : 0,
      "minf" : 11,
      "iodepth_level" : {
        "1" : 100.000000,
        "2" : 0.000000,
        "4" : 0.000000,
        "8" : 0.000000,
        "16" : 0.000000,
        "32" : 0.000000,
        ">=64" : 0.000000
      },
      "iodepth_submit" : {
        "0" : 0.000000,
        "4" : 100.000000,
        "8" : 0.000000,
        "16" : 0.000000,
        "32" : 0.000000,
        "64" : 0.000000,
        ">=64" : 0.000000
      },
      "iodepth_complete" : {
        "0" : 0.000000,
        "4" : 100.000000,
        "8" : 0.000000,
        "16" : 0.000000,
        "32" : 0.000000,
        "64" : 0.000000,
        ">=64" : 0.000000
      },
      "latency_ns" : {
        "2" : 0.000000,
        "4" : 0.000000,
        "10" : 0.000000,
        "20" : 0.000000,
        "50" : 0.000000,
        "100" : 0.000000,
        "250" : 0.000000,
        "500" : 0.000000,
        "750" : 0.000000,
        "1000" : 0.000000
      },
      "latency_us" : {
        "2" : 0.000000,
        "4" : 0.000000,
        "10" : 0.000000,
        "20" : 0.000000,
        "50" : 0.000000,
        "100" : 0.000000,
        "250" : 0.000000,
        "500" : 0.000000,
        "750" : 0.000000,
        "1000" : 0.000000
      },
      "latency_ms" : {
        "2" : 0.000000,
        "4" : 0.000000,
        "10" : 0.000000,
        "20" : 0.000000,
        "50" : 0.000000,
        "100" : 0.000000,
        "250" : 0.000000,
        "500" : 0.000000,
        "750" : 65.000000,
        "1000" : 0.000000,
        "2000" : 35.000000,
        ">=2000" : 0.000000
      },
      "latency_depth" : 1,
      "latency_target" : 0,
      "latency_percentile" : 100.000000,
      "latency_window" : 0
    }
  ],
  "disk_util" : [
    {
      "name" : "sdc",
      "read_ios" : 19,
      "write_ios" : 0,
      "read_sectors" : 152,
      "write_sectors" : 0,
      "read_merges" : 0,
      "write_merges" : 0,
      "read_ticks" : 14460,
      "write_ticks" : 0,
      "in_queue" : 14460,
      "util" : 92.888803
    }
  ]
}
