{
  "fio version" : "fio-3.36",
  "timestamp" : 1767985999,
  "timestamp_ms" : 1767985999544,
  "time" : "Fri Jan  9 19:13:19 2026",
  "global options" : {
    "filename" : "/mnt/usb/fio_testfile.bin",
    "size" : "256m",
    "runtime" : "15",
    "iodepth" : "1",
    "numjobs" : "1",
    "ioengine" : "libaio",
    "direct" : "1",
    "time_based" : "1",
    "group_reporting" : "1",
    "randrepeat" : "0",
    "norandommap" : "1"
  },
  "jobs" : [
    {
      "jobname" : "rand_read_4k",
      "groupid" : 0,
      "job_start" : 1767985984321,
      "error" : 0,
      "eta" : 0,
      "elapsed" : 18,
      "job options" : {
        "rw" : "randread",
        "bs" : "4k"
      },
      "read" : {
        "io_bytes" : 217088,
        "io_kbytes" : 212,
        "bw_bytes" : 14287,
        "bw" : 13,
        "iops" : 3.488219,
        "runtime" : 15194,
        "total_ios" : 53,
        "short_ios" : 0,
        "drop_ios" : 0,
        "slat_ns" : {
          "min" : 17092,
          "max" : 70232,
          "mean" : 37153.037736,
          "stddev" : 12671.950440,
          "N" : 53
        },
        "clat_ns" : {
          "min" : 242134634,
          "max" : 674028064,
          "mean" : 286625495.188679,
          "stddev" : 77971958.342660,
          "N" : 53,
          "percentile" : {
            "1.000000" : 242221056,
            "5.000000" : 244318208,
            "10.000000" : 248512512,
            "20.000000" : 250609664,
            "30.000000" : 252706816,
            "40.000000" : 256901120,
            "50.000000" : 258998272,
            "60.000000" : 261095424,
            "70.000000" : 267386880,
            "80.000000" : 270532608,
            "90.000000" : 421527552,
            "95.000000" : 434110464,
            "99.000000" : 675282944,
            "99.500000" : 675282944,
            "99.900000" : 675282944,
            "99.950000" : 675282944,
            "99.990000" : 675282944
          }
        },
        "lat_ns" : {
          "min" : 242191541,
          "max" : 674077948,
          "mean" : 286662648.226415,
          "stddev" : 77970248.815744,
          "N" : 53
        },
        "bw_min" : 7,
        "bw_max" : 16,
        "bw_agg" : 93.175614,
        "bw_mean" : 13.862069,
        "bw_dev" : 3.345830,
        "bw_samples" : 29,
        "iops_min" : 1,
        "iops_max" : 4,
        "iops_mean" : 3.103448,
        "iops_stddev" : 0.976321,
        "iops_samples" : 29
      },
      "write" : {
        "io_bytes" : 0,
        "io_kbytes" : 0,
        "bw_bytes" : 0,
        "bw" : 0,
        "iops" : 0.000000,
        "runtime" : 0,
        "total_ios" : 0,
        "short_ios" : 0,
        "drop_ios" : 0,
        "slat_ns" : {
          "min" : 0,
          "max" : 0,
          "mean" : 0.000000,
          "stddev" : 0.000000,
          "N" : 0
        },
        "clat_ns" : {
          "min" : 0,
          "max" : 0,
          "mean" : 0.000000,
          "stddev" : 0.000000,
          "N" : 0
        },
        "lat_ns" : {
          "min" : 0,
          "max" : 0,
          "mean" : 0.000000,
          "stddev" : 0.000000,
          "N" : 0
        },
        "bw_min" : 0,
        "bw_max" : 0,
        "bw_agg" : 0.000000,
        "bw_mean" : 0.000000,
        "bw_dev" : 0.000000,
        "bw_samples" : 0,
        "iops_min" : 0,
        "iops_max" : 0,
        "iops_mean" : 0.000000,
        "iops_stddev" : 0.000000,
        "iops_samples" : 0
      },
      "trim" : {
        "io_bytes" : 0,
        "io_kbytes" : 0,
        "bw_bytes" : 0,
        "bw" : 0,
        "iops" : 0.000000,
        "runtime" : 0,
        "total_ios" : 0,
        "short_ios" : 0,
        "drop_ios" : 0,
        "slat_ns" : {
          "min" : 0,
          "max" : 0,
          "mean" : 0.000000,
          "stddev" : 0.000000,
          "N" : 0
        },
        "clat_ns" : {
          "min" : 0,
          "max" : 0,
          "mean" : 0.000000,
          "stddev" : 0.000000,
          "N" : 0
        },
        "lat_ns" : {
          "min" : 0,
          "max" : 0,
          "mean" : 0.000000,
          "stddev" : 0.000000,
          "N" : 0
        },
        "bw_min" : 0,
        "bw_max" : 0,
        "bw_agg" : 0.000000,
        "bw_mean" : 0.000000,
        "bw_dev" : 0.000000,
        "bw_samples" : 0,
        "iops_min" : 0,
        "iops_max" : 0,
        "iops_mean" : 0.000000,
        "iops_stddev" : 0.000000,
        "iops_samples" : 0
      },
      "sync" : {
        "total_ios" : 0,
        "lat_ns" : {
          "min" : 0,
          "max" : 0,
          "mean" : 0.000000,
          "stddev" : 0.000000,
          "N" : 0
        }
      },
      "job_runtime" : 15193,
      "usr_cpu" : 0.006582,
      "sys_cpu" : 0.013164,
      "ctx" : 53,
      "majf" : 0,
      "minf" : 12,
      "iodepth_level" : {
        "1" : 100.000000,
        "2" : 0.000000,
        "4" : 0.000000,
        "8" : 0.000000,
        "16" : 0.000000,
        "32" : 0.000000,
        ">=64" : 0.000000
      },
      "iodepth_submit" : {
        "0" : 0.000000,
        "4" : 100.000000,
        "8" : 0.000000,
        "16" : 0.000000,
        "32" : 0.000000,
        "64" : 0.000000,
        ">=64" : 0.000000
      },
      "iodepth_complete" : {
        "0" : 0.000000,
        "4" : 100.000000,
        "8" : 0.000000,
        "16" : 0.000000,
        "32" : 0.000000,
        "64" : 0.000000,
        ">=64" : 0.000000
      },
      "latency_ns" : {
        "2" : 0.000000,
        "4" : 0.000000,
        "10" : 0.000000,
        "20" : 0.000000,
        "50" : 0.000000,
        "100" : 0.000000,
        "250" : 0.000000,
        "500" : 0.000000,
        "750" : 0.000000,
        "1000" : 0.000000
      },
      "latency_us" : {
        "2" : 0.000000,
        "4" : 0.000000,
        "10" : 0.000000,
        "20" : 0.000000,
        "50" : 0.000000,
        "100" : 0.000000,
        "250" : 0.000000,
        "500" : 0.000000,
        "750" : 0.000000,
        "1000" : 0.000000
      },
      "latency_ms" : {
        "2" : 0.000000,
        "4" : 0.000000,
        "10" : 0.000000,
        "20" : 0.000000,
        "50" : 0.000000,
        "100" : 0.000000,
        "250" : 18.867925,
        "500" : 79.245283,
        "750" : 1.886792,
        "1000" : 0.000000,
        "2000" : 0.000000,
        ">=2000" : 0.000000
      },
      "latency_depth" : 1,
      "latency_target" : 0,
      "latency_percentile" : 100.000000,
      "latency_window" : 0
    }
  ],
  "disk_util" : [
    {
      "name" : "sdc",
      "read_ios" : 52,
      "write_ios" : 0,
      "read_sectors" : 416,
      "write_sectors" : 0,
      "read_merges" : 0,
      "write_merges" : 0,
      "read_ticks" : 14921,
      "write_ticks" : 0,
      "in_queue" : 14921,
      "util" : 88.380219
    }
  ]
}
