{
  "fio version" : "fio-3.36",
  "timestamp" : 1767985965,
  "timestamp_ms" : 1767985965126,
  "time" : "Fri Jan  9 19:12:45 2026",
  "global options" : {
    "filename" : "/mnt/usb/fio_testfile.bin",
    "size" : "256m",
    "runtime" : "15",
    "iodepth" : "1",
    "numjobs" : "1",
    "ioengine" : "libaio",
    "direct" : "1",
    "time_based" : "1",
    "group_reporting" : "1",
    "randrepeat" : "0",
    "norandommap" : "1"
  },
  "jobs" : [
    {
      "jobname" : "seq_write",
      "groupid" : 0,
      "job_start" : 1767985945386,
      "error" : 0,
      "eta" : 0,
      "elapsed" : 20,
      "job options" : {
        "rw" : "write",
        "bs" : "1m"
      },
      "read" : {
        "io_bytes" : 0,
        "io_kbytes" : 0,
        "bw_bytes" : 0,
        "bw" : 0,
        "iops" : 0.000000,
        "runtime" : 0,
        "total_ios" : 0,
        "short_ios" : 0,
        "drop_ios" : 0,
        "slat_ns" : {
          "min" : 0,
          "max" : 0,
          "mean" : 0.000000,
          "stddev" : 0.000000,
          "N" : 0
        },
        "clat_ns" : {
          "min" : 0,
          "max" : 0,
          "mean" : 0.000000,
          "stddev" : 0.000000,
          "N" : 0
        },
        "lat_ns" : {
          "min" : 0,
          "max" : 0,
          "mean" : 0.000000,
          "stddev" : 0.000000,
          "N" : 0
        },
        "bw_min" : 0,
        "bw_max" : 0,
        "bw_agg" : 0.000000,
        "bw_mean" : 0.000000,
        "bw_dev" : 0.000000,
        "bw_samples" : 0,
        "iops_min" : 0,
        "iops_max" : 0,
        "iops_mean" : 0.000000,
        "iops_stddev" : 0.000000,
        "iops_samples" : 0
      },
      "write" : {
        "io_bytes" : 5242880,
        "io_kbytes" : 5120,
        "bw_bytes" : 266745,
        "bw" : 260,
        "iops" : 0.254388,
        "runtime" : 19655,
        "total_ios" : 5,
        "short_ios" : 0,
        "drop_ios" : 0,
        "slat_ns" : {
          "min" : 1978910876,
          "max" : 7886472313,
          "mean" : 3404630447.200000,
          "stddev" : 2549990692.123213,
          "N" : 5
        },
        "clat_ns" : {
          "min" : 500126550,
          "max" : 579531721,
          "mean" : 526331263.400000,
          "stddev" : 31441247.532779,
          "N" : 5,
          "percentile" : {
            "1.000000" : 501219328,
            "5.000000" : 501219328,
            "10.000000" : 501219328,
            "20.000000" : 501219328,
            "30.000000" : 509607936,
            "40.000000" : 509607936,
            "50.000000" : 513802240,
            "60.000000" : 513802240,
            "70.000000" : 526385152,
            "80.000000" : 526385152,
            "90.000000" : 583008256,
            "95.000000" : 583008256,
            "99.000000" : 583008256,
            "99.500000" : 583008256,
            "99.900000" : 583008256,
            "99.950000" : 583008256,
            "99.990000" : 583008256
          }
        },
        "lat_ns" : {
          "min" : 2506600619,
          "max" : 8466004034,
          "mean" : 3930961710.600000,
          "stddev" : 2577828326.423090,
          "N" : 5
        },
        "bw_min" : 2043,
        "bw_max" : 2048,
        "bw_agg" : 100.000000,
        "bw_mean" : 2045.500000,
        "bw_dev" : 2.886751,
        "bw_samples" : 4,
        "iops_min" : 1,
        "iops_max" : 2,
        "iops_mean" : 1.500000,
        "iops_stddev" : 0.577350,
        "iops_samples" : 4
      },
      "trim" : {
        "io_bytes" : 0,
        "io_kbytes" : 0,
        "bw_bytes" : 0,
        "bw" : 0,
        "iops" : 0.000000,
        "runtime" : 0,
        "total_ios" : 0,
        "short_ios" : 0,
        "drop_ios" : 0,
        "slat_ns" : {
          "min" : 0,
          "max" : 0,
          "mean" : 0.000000,
          "stddev" : 0.000000,
          "N" : 0
        },
        "clat_ns" : {
          "min" : 0,
          "max" : 0,
          "mean" : 0.000000,
          "stddev" : 0.000000,
          "N" : 0
        },
        "lat_ns" : {
          "min" : 0,
          "max" : 0,
          "mean" : 0.000000,
          "stddev" : 0.000000,
          "N" : 0
        },
        "bw_min" : 0,
        "bw_max" : 0,
        "bw_agg" : 0.000000,
        "bw_mean" : 0.000000,
        "bw_dev" : 0.000000,
        "bw_samples" : 0,
        "iops_min" : 0,
        "iops_max" : 0,
        "iops_mean" : 0.000000,
        "iops_stddev" : 0.000000,
        "iops_samples" : 0
      },
      "sync" : {
        "total_ios" : 0,
        "lat_ns" : {
          "min" : 0,
          "max" : 0,
          "mean" : 0.000000,
          "stddev" : 0.000000,
          "N" : 0
        }
      },
      "job_runtime" : 19654,
      "usr_cpu" : 0.000000,
      "sys_cpu" : 0.010176,
      "ctx" : 40,
      "majf" : 0,
      "minf" : 11,
      "iodepth_level" : {
        "1" : 100.000000,
        "2" : 0.000000,
        "4" : 0.000000,
        "8" : 0.000000,
        "16" : 0.000000,
        "32" : 0.000000,
        ">=64" : 0.000000
      },
      "iodepth_submit" : {
        "0" : 0.000000,
        "4" : 100.000000,
        "8" : 0.000000,
        "16" : 0.000000,
        "32" : 0.000000,
        "64" : 0.000000,
        ">=64" : 0.000000
      },
      "iodepth_complete" : {
        "0" : 0.000000,
        "4" : 100.000000,
        "8" : 0.000000,
        "16" : 0.000000,
        "32" : 0.000000,
        "64" : 0.000000,
        ">=64" : 0.000000
      },
      "latency_ns" : {
        "2" : 0.000000,
        "4" : 0.000000,
        "10" : 0.000000,
        "20" : 0.000000,
        "50" : 0.000000,
        "100" : 0.000000,
        "250" : 0.000000,
        "500" : 0.000000,
        "750" : 0.000000,
        "1000" : 0.000000
      },
      "latency_us" : {
        "2" : 0.000000,
        "4" : 0.000000,
        "10" : 0.000000,
        "20" : 0.000000,
        "50" : 0.000000,
        "100" : 0.000000,
        "250" : 0.000000,
        "500" : 0.000000,
        "750" : 0.000000,
        "1000" : 0.000000
      },
      "latency_ms" : {
        "2" : 0.000000,
        "4" : 0.000000,
        "10" : 0.000000,
        "20" : 0.000000,
        "50" : 0.000000,
        "100" : 0.000000,
        "250" : 0.000000,
        "500" : 0.000000,
        "750" : 100.000000,
        "1000" : 0.000000,
        "2000" : 0.000000,
        ">=2000" : 0.000000
      },
      "latency_depth" : 1,
      "latency_target" : 0,
      "latency_percentile" : 100.000000,
      "latency_window" : 0
    }
  ],
  "disk_util" : [
    {
      "name" : "sdc",
      "read_ios" : 0,
      "write_ios" : 43,
      "read_sectors" : 0,
      "write_sectors" : 9872,
      "read_merges" : 0,
      "write_merges" : 0,
      "read_ticks" : 0,
      "write_ticks" : 34392,
      "in_queue" : 34392,
      "util" : 93.210415
    }
  ]
}
