{
  "fio version" : "fio-3.36",
  "timestamp" : 1768425737,
  "timestamp_ms" : 1768425737068,
  "time" : "Wed Jan 14 21:22:17 2026",
  "jobs" : [
    {
      "jobname" : "usbip_migration_rand_write_4k_qd1",
      "groupid" : 0,
      "job_start" : 1768425616531,
      "error" : 0,
      "eta" : 0,
      "elapsed" : 121,
      "job options" : {
        "name" : "usbip_migration_rand_write_4k_qd1",
        "filename" : "/mnt/usb/fio_test.bin",
        "rw" : "randwrite",
        "bs" : "4k",
        "direct" : "1",
        "iodepth" : "1",
        "numjobs" : "1",
        "time_based" : "1",
        "runtime" : "120",
        "group_reporting" : "1",
        "size" : "256M"
      },
      "read" : {
        "io_bytes" : 0,
        "io_kbytes" : 0,
        "bw_bytes" : 0,
        "bw" : 0,
        "iops" : 0.000000,
        "runtime" : 0,
        "total_ios" : 0,
        "short_ios" : 0,
        "drop_ios" : 0,
        "slat_ns" : {
          "min" : 0,
          "max" : 0,
          "mean" : 0.000000,
          "stddev" : 0.000000,
          "N" : 0
        },
        "clat_ns" : {
          "min" : 0,
          "max" : 0,
          "mean" : 0.000000,
          "stddev" : 0.000000,
          "N" : 0
        },
        "lat_ns" : {
          "min" : 0,
          "max" : 0,
          "mean" : 0.000000,
          "stddev" : 0.000000,
          "N" : 0
        },
        "bw_min" : 0,
        "bw_max" : 0,
        "bw_agg" : 0.000000,
        "bw_mean" : 0.000000,
        "bw_dev" : 0.000000,
        "bw_samples" : 0,
        "iops_min" : 0,
        "iops_max" : 0,
        "iops_mean" : 0.000000,
        "iops_stddev" : 0.000000,
        "iops_samples" : 0
      },
      "write" : {
        "io_bytes" : 118784,
        "io_kbytes" : 116,
        "bw_bytes" : 985,
        "bw" : 0,
        "iops" : 0.240580,
        "runtime" : 120542,
        "total_ios" : 29,
        "short_ios" : 0,
        "drop_ios" : 0,
        "slat_ns" : {
          "min" : 0,
          "max" : 0,
          "mean" : 0.000000,
          "stddev" : 0.000000,
          "N" : 0
        },
        "clat_ns" : {
          "min" : 5439390,
          "max" : 10590099653,
          "mean" : 4156586855.482760,
          "stddev" : 1656831948.719172,
          "N" : 29,
          "percentile" : {
            "1.000000" : 5406720,
            "5.000000" : 7110656,
            "10.000000" : 3976200192,
            "20.000000" : 4009754624,
            "30.000000" : 4043309056,
            "40.000000" : 4110417920,
            "50.000000" : 4143972352,
            "60.000000" : 4328521728,
            "70.000000" : 4395630592,
            "80.000000" : 4395630592,
            "90.000000" : 4529848320,
            "95.000000" : 4529848320,
            "99.000000" : 10536091648,
            "99.500000" : 10536091648,
            "99.900000" : 10536091648,
            "99.950000" : 10536091648,
            "99.990000" : 10536091648
          }
        },
        "lat_ns" : {
          "min" : 5440031,
          "max" : 10590100464,
          "mean" : 4156587904.448277,
          "stddev" : 1656831956.542357,
          "N" : 29
        },
        "bw_min" : 7,
        "bw_max" : 15,
        "bw_agg" : 100.000000,
        "bw_mean" : 8.423077,
        "bw_dev" : 1.963122,
        "bw_samples" : 26,
        "iops_min" : 1,
        "iops_max" : 3,
        "iops_mean" : 1.961538,
        "iops_stddev" : 0.445490,
        "iops_samples" : 26
      },
      "trim" : {
        "io_bytes" : 0,
        "io_kbytes" : 0,
        "bw_bytes" : 0,
        "bw" : 0,
        "iops" : 0.000000,
        "runtime" : 0,
        "total_ios" : 0,
        "short_ios" : 0,
        "drop_ios" : 0,
        "slat_ns" : {
          "min" : 0,
          "max" : 0,
          "mean" : 0.000000,
          "stddev" : 0.000000,
          "N" : 0
        },
        "clat_ns" : {
          "min" : 0,
          "max" : 0,
          "mean" : 0.000000,
          "stddev" : 0.000000,
          "N" : 0
        },
        "lat_ns" : {
          "min" : 0,
          "max" : 0,
          "mean" : 0.000000,
          "stddev" : 0.000000,
          "N" : 0
        },
        "bw_min" : 0,
        "bw_max" : 0,
        "bw_agg" : 0.000000,
        "bw_mean" : 0.000000,
        "bw_dev" : 0.000000,
        "bw_samples" : 0,
        "iops_min" : 0,
        "iops_max" : 0,
        "iops_mean" : 0.000000,
        "iops_stddev" : 0.000000,
        "iops_samples" : 0
      },
      "sync" : {
        "total_ios" : 0,
        "lat_ns" : {
          "min" : 0,
          "max" : 0,
          "mean" : 0.000000,
          "stddev" : 0.000000,
          "N" : 0
        }
      },
      "job_runtime" : 120541,
      "usr_cpu" : 0.000000,
      "sys_cpu" : 0.004148,
      "ctx" : 161,
      "majf" : 0,
      "minf" : 12,
      "iodepth_level" : {
        "1" : 100.000000,
        "2" : 0.000000,
        "4" : 0.000000,
        "8" : 0.000000,
        "16" : 0.000000,
        "32" : 0.000000,
        ">=64" : 0.000000
      },
      "iodepth_submit" : {
        "0" : 0.000000,
        "4" : 100.000000,
        "8" : 0.000000,
        "16" : 0.000000,
        "32" : 0.000000,
        "64" : 0.000000,
        ">=64" : 0.000000
      },
      "iodepth_complete" : {
        "0" : 0.000000,
        "4" : 100.000000,
        "8" : 0.000000,
        "16" : 0.000000,
        "32" : 0.000000,
        "64" : 0.000000,
        ">=64" : 0.000000
      },
      "latency_ns" : {
        "2" : 0.000000,
        "4" : 0.000000,
        "10" : 0.000000,
        "20" : 0.000000,
        "50" : 0.000000,
        "100" : 0.000000,
        "250" : 0.000000,
        "500" : 0.000000,
        "750" : 0.000000,
        "1000" : 0.000000
      },
      "latency_us" : {
        "2" : 0.000000,
        "4" : 0.000000,
        "10" : 0.000000,
        "20" : 0.000000,
        "50" : 0.000000,
        "100" : 0.000000,
        "250" : 0.000000,
        "500" : 0.000000,
        "750" : 0.000000,
        "1000" : 0.000000
      },
      "latency_ms" : {
        "2" : 0.000000,
        "4" : 0.000000,
        "10" : 6.896552,
        "20" : 0.000000,
        "50" : 0.000000,
        "100" : 0.000000,
        "250" : 0.000000,
        "500" : 0.000000,
        "750" : 0.000000,
        "1000" : 0.000000,
        "2000" : 0.000000,
        ">=2000" : 93.103448
      },
      "latency_depth" : 1,
      "latency_target" : 0,
      "latency_percentile" : 100.000000,
      "latency_window" : 0
    }
  ],
  "disk_util" : [
    {
      "name" : "sdb",
      "read_ios" : 126,
      "write_ios" : 33,
      "read_sectors" : 126,
      "write_sectors" : 229,
      "read_merges" : 0,
      "write_merges" : 0,
      "read_ticks" : 107,
      "write_ticks" : 124620,
      "in_queue" : 124726,
      "util" : 96.358818
    }
  ]
}
