{
  "fio version" : "fio-3.36",
  "timestamp" : 1767985909,
  "timestamp_ms" : 1767985909920,
  "time" : "Fri Jan  9 19:11:49 2026",
  "global options" : {
    "filename" : "/mnt/usb/fio_testfile.bin",
    "size" : "256m",
    "runtime" : "15",
    "iodepth" : "1",
    "numjobs" : "1",
    "ioengine" : "libaio",
    "direct" : "1",
    "time_based" : "1",
    "group_reporting" : "1",
    "randrepeat" : "0",
    "norandommap" : "1"
  },
  "jobs" : [
    {
      "jobname" : "seq_read",
      "groupid" : 0,
      "job_start" : 1767985894444,
      "error" : 0,
      "eta" : 0,
      "elapsed" : 17,
      "job options" : {
        "rw" : "read",
        "bs" : "1m"
      },
      "read" : {
        "io_bytes" : 20971520,
        "io_kbytes" : 20480,
        "bw_bytes" : 1357731,
        "bw" : 1325,
        "iops" : 1.294834,
        "runtime" : 15446,
        "total_ios" : 20,
        "short_ios" : 0,
        "drop_ios" : 0,
        "slat_ns" : {
          "min" : 504883028,
          "max" : 935144211,
          "mean" : 613472812.050000,
          "stddev" : 100747777.283833,
          "N" : 20
        },
        "clat_ns" : {
          "min" : 117840377,
          "max" : 309045211,
          "mean" : 158805270.650000,
          "stddev" : 40909335.432101,
          "N" : 20,
          "percentile" : {
            "1.000000" : 117964800,
            "5.000000" : 117964800,
            "10.000000" : 132644864,
            "20.000000" : 133693440,
            "30.000000" : 137363456,
            "40.000000" : 141557760,
            "50.000000" : 149946368,
            "60.000000" : 152043520,
            "70.000000" : 158334976,
            "80.000000" : 164626432,
            "90.000000" : 189792256,
            "95.000000" : 204472320,
            "99.000000" : 308281344,
            "99.500000" : 308281344,
            "99.900000" : 308281344,
            "99.950000" : 308281344,
            "99.990000" : 308281344
          }
        },
        "lat_ns" : {
          "min" : 637726949,
          "max" : 1139455019,
          "mean" : 772278082.700000,
          "stddev" : 120803937.445195,
          "N" : 20
        },
        "bw_min" : 2039,
        "bw_max" : 2048,
        "bw_agg" : 100.000000,
        "bw_mean" : 2043.736842,
        "bw_dev" : 3.363895,
        "bw_samples" : 19,
        "iops_min" : 1,
        "iops_max" : 2,
        "iops_mean" : 1.315789,
        "iops_stddev" : 0.477567,
        "iops_samples" : 19
      },
      "write" : {
        "io_bytes" : 0,
        "io_kbytes" : 0,
        "bw_bytes" : 0,
        "bw" : 0,
        "iops" : 0.000000,
        "runtime" : 0,
        "total_ios" : 0,
        "short_ios" : 0,
        "drop_ios" : 0,
        "slat_ns" : {
          "min" : 0,
          "max" : 0,
          "mean" : 0.000000,
          "stddev" : 0.000000,
          "N" : 0
        },
        "clat_ns" : {
          "min" : 0,
          "max" : 0,
          "mean" : 0.000000,
          "stddev" : 0.000000,
          "N" : 0
        },
        "lat_ns" : {
          "min" : 0,
          "max" : 0,
          "mean" : 0.000000,
          "stddev" : 0.000000,
          "N" : 0
        },
        "bw_min" : 0,
        "bw_max" : 0,
        "bw_agg" : 0.000000,
        "bw_mean" : 0.000000,
        "bw_dev" : 0.000000,
        "bw_samples" : 0,
        "iops_min" : 0,
        "iops_max" : 0,
        "iops_mean" : 0.000000,
        "iops_stddev" : 0.000000,
        "iops_samples" : 0
      },
      "trim" : {
        "io_bytes" : 0,
        "io_kbytes" : 0,
        "bw_bytes" : 0,
        "bw" : 0,
        "iops" : 0.000000,
        "runtime" : 0,
        "total_ios" : 0,
        "short_ios" : 0,
        "drop_ios" : 0,
        "slat_ns" : {
          "min" : 0,
          "max" : 0,
          "mean" : 0.000000,
          "stddev" : 0.000000,
          "N" : 0
        },
        "clat_ns" : {
          "min" : 0,
          "max" : 0,
          "mean" : 0.000000,
          "stddev" : 0.000000,
          "N" : 0
        },
        "lat_ns" : {
          "min" : 0,
          "max" : 0,
          "mean" : 0.000000,
          "stddev" : 0.000000,
          "N" : 0
        },
        "bw_min" : 0,
        "bw_max" : 0,
        "bw_agg" : 0.000000,
        "bw_mean" : 0.000000,
        "bw_dev" : 0.000000,
        "bw_samples" : 0,
        "iops_min" : 0,
        "iops_max" : 0,
        "iops_mean" : 0.000000,
        "iops_stddev" : 0.000000,
        "iops_samples" : 0
      },
      "sync" : {
        "total_ios" : 0,
        "lat_ns" : {
          "min" : 0,
          "max" : 0,
          "mean" : 0.000000,
          "stddev" : 0.000000,
          "N" : 0
        }
      },
      "job_runtime" : 15445,
      "usr_cpu" : 0.000000,
      "sys_cpu" : 0.051797,
      "ctx" : 161,
      "majf" : 0,
      "minf" : 269,
      "iodepth_level" : {
        "1" : 100.000000,
        "2" : 0.000000,
        "4" : 0.000000,
        "8" : 0.000000,
        "16" : 0.000000,
        "32" : 0.000000,
        ">=64" : 0.000000
      },
      "iodepth_submit" : {
        "0" : 0.000000,
        "4" : 100.000000,
        "8" : 0.000000,
        "16" : 0.000000,
        "32" : 0.000000,
        "64" : 0.000000,
        ">=64" : 0.000000
      },
      "iodepth_complete" : {
        "0" : 0.000000,
        "4" : 100.000000,
        "8" : 0.000000,
        "16" : 0.000000,
        "32" : 0.000000,
        "64" : 0.000000,
        ">=64" : 0.000000
      },
      "latency_ns" : {
        "2" : 0.000000,
        "4" : 0.000000,
        "10" : 0.000000,
        "20" : 0.000000,
        "50" : 0.000000,
        "100" : 0.000000,
        "250" : 0.000000,
        "500" : 0.000000,
        "750" : 0.000000,
        "1000" : 0.000000
      },
      "latency_us" : {
        "2" : 0.000000,
        "4" : 0.000000,
        "10" : 0.000000,
        "20" : 0.000000,
        "50" : 0.000000,
        "100" : 0.000000,
        "250" : 0.000000,
        "500" : 0.000000,
        "750" : 0.000000,
        "1000" : 0.000000
      },
      "latency_ms" : {
        "2" : 0.000000,
        "4" : 0.000000,
        "10" : 0.000000,
        "20" : 0.000000,
        "50" : 0.000000,
        "100" : 0.000000,
        "250" : 95.000000,
        "500" : 5.000000,
        "750" : 0.000000,
        "1000" : 0.000000,
        "2000" : 0.000000,
        ">=2000" : 0.000000
      },
      "latency_depth" : 1,
      "latency_target" : 0,
      "latency_percentile" : 100.000000,
      "latency_window" : 0
    }
  ],
  "disk_util" : [
    {
      "name" : "sdc",
      "read_ios" : 178,
      "write_ios" : 1,
      "read_sectors" : 40592,
      "write_sectors" : 1,
      "read_merges" : 0,
      "write_merges" : 0,
      "read_ticks" : 27749,
      "write_ticks" : 138,
      "in_queue" : 27887,
      "util" : 94.117276
    }
  ]
}
