{
  "fio version" : "fio-3.36",
  "timestamp" : 1767985893,
  "timestamp_ms" : 1767985893612,
  "time" : "Fri Jan  9 19:11:33 2026",
  "global options" : {
    "filename" : "/mnt/usb/fio_testfile.bin",
    "size" : "256m",
    "runtime" : "15",
    "iodepth" : "1",
    "numjobs" : "1",
    "ioengine" : "libaio",
    "direct" : "1",
    "time_based" : "1",
    "group_reporting" : "1",
    "randrepeat" : "0",
    "norandommap" : "1"
  },
  "jobs" : [
    {
      "jobname" : "seq_write",
      "groupid" : 0,
      "job_start" : 1767985878524,
      "error" : 0,
      "eta" : 0,
      "elapsed" : 16,
      "job options" : {
        "rw" : "write",
        "bs" : "1m"
      },
      "read" : {
        "io_bytes" : 0,
        "io_kbytes" : 0,
        "bw_bytes" : 0,
        "bw" : 0,
        "iops" : 0.000000,
        "runtime" : 0,
        "total_ios" : 0,
        "short_ios" : 0,
        "drop_ios" : 0,
        "slat_ns" : {
          "min" : 0,
          "max" : 0,
          "mean" : 0.000000,
          "stddev" : 0.000000,
          "N" : 0
        },
        "clat_ns" : {
          "min" : 0,
          "max" : 0,
          "mean" : 0.000000,
          "stddev" : 0.000000,
          "N" : 0
        },
        "lat_ns" : {
          "min" : 0,
          "max" : 0,
          "mean" : 0.000000,
          "stddev" : 0.000000,
          "N" : 0
        },
        "bw_min" : 0,
        "bw_max" : 0,
        "bw_agg" : 0.000000,
        "bw_mean" : 0.000000,
        "bw_dev" : 0.000000,
        "bw_samples" : 0,
        "iops_min" : 0,
        "iops_max" : 0,
        "iops_mean" : 0.000000,
        "iops_stddev" : 0.000000,
        "iops_samples" : 0
      },
      "write" : {
        "io_bytes" : 12582912,
        "io_kbytes" : 12288,
        "bw_bytes" : 835962,
        "bw" : 816,
        "iops" : 0.797236,
        "runtime" : 15052,
        "total_ios" : 12,
        "short_ios" : 0,
        "drop_ios" : 0,
        "slat_ns" : {
          "min" : 512363688,
          "max" : 5082381147,
          "mean" : 1100880349.500000,
          "stddev" : 1316272190.096250,
          "N" : 12
        },
        "clat_ns" : {
          "min" : 136308259,
          "max" : 192648910,
          "mean" : 153379315.833333,
          "stddev" : 16398636.629689,
          "N" : 12,
          "percentile" : {
            "1.000000" : 135266304,
            "5.000000" : 135266304,
            "10.000000" : 137363456,
            "20.000000" : 137363456,
            "30.000000" : 141557760,
            "40.000000" : 145752064,
            "50.000000" : 149946368,
            "60.000000" : 156237824,
            "70.000000" : 158334976,
            "80.000000" : 162529280,
            "90.000000" : 170917888,
            "95.000000" : 191889408,
            "99.000000" : 191889408,
            "99.500000" : 191889408,
            "99.900000" : 191889408,
            "99.950000" : 191889408,
            "99.990000" : 191889408
          }
        },
        "lat_ns" : {
          "min" : 670629256,
          "max" : 5218689406,
          "mean" : 1254259665.333333,
          "stddev" : 1309913828.093480,
          "N" : 12
        },
        "bw_min" : 2039,
        "bw_max" : 2048,
        "bw_agg" : 100.000000,
        "bw_mean" : 2044.909091,
        "bw_dev" : 3.176619,
        "bw_samples" : 11,
        "iops_min" : 1,
        "iops_max" : 2,
        "iops_mean" : 1.454545,
        "iops_stddev" : 0.522233,
        "iops_samples" : 11
      },
      "trim" : {
        "io_bytes" : 0,
        "io_kbytes" : 0,
        "bw_bytes" : 0,
        "bw" : 0,
        "iops" : 0.000000,
        "runtime" : 0,
        "total_ios" : 0,
        "short_ios" : 0,
        "drop_ios" : 0,
        "slat_ns" : {
          "min" : 0,
          "max" : 0,
          "mean" : 0.000000,
          "stddev" : 0.000000,
          "N" : 0
        },
        "clat_ns" : {
          "min" : 0,
          "max" : 0,
          "mean" : 0.000000,
          "stddev" : 0.000000,
          "N" : 0
        },
        "lat_ns" : {
          "min" : 0,
          "max" : 0,
          "mean" : 0.000000,
          "stddev" : 0.000000,
          "N" : 0
        },
        "bw_min" : 0,
        "bw_max" : 0,
        "bw_agg" : 0.000000,
        "bw_mean" : 0.000000,
        "bw_dev" : 0.000000,
        "bw_samples" : 0,
        "iops_min" : 0,
        "iops_max" : 0,
        "iops_mean" : 0.000000,
        "iops_stddev" : 0.000000,
        "iops_samples" : 0
      },
      "sync" : {
        "total_ios" : 0,
        "lat_ns" : {
          "min" : 0,
          "max" : 0,
          "mean" : 0.000000,
          "stddev" : 0.000000,
          "N" : 0
        }
      },
      "job_runtime" : 15051,
      "usr_cpu" : 0.000000,
      "sys_cpu" : 0.039864,
      "ctx" : 96,
      "majf" : 0,
      "minf" : 12,
      "iodepth_level" : {
        "1" : 100.000000,
        "2" : 0.000000,
        "4" : 0.000000,
        "8" : 0.000000,
        "16" : 0.000000,
        "32" : 0.000000,
        ">=64" : 0.000000
      },
      "iodepth_submit" : {
        "0" : 0.000000,
        "4" : 100.000000,
        "8" : 0.000000,
        "16" : 0.000000,
        "32" : 0.000000,
        "64" : 0.000000,
        ">=64" : 0.000000
      },
      "iodepth_complete" : {
        "0" : 0.000000,
        "4" : 100.000000,
        "8" : 0.000000,
        "16" : 0.000000,
        "32" : 0.000000,
        "64" : 0.000000,
        ">=64" : 0.000000
      },
      "latency_ns" : {
        "2" : 0.000000,
        "4" : 0.000000,
        "10" : 0.000000,
        "20" : 0.000000,
        "50" : 0.000000,
        "100" : 0.000000,
        "250" : 0.000000,
        "500" : 0.000000,
        "750" : 0.000000,
        "1000" : 0.000000
      },
      "latency_us" : {
        "2" : 0.000000,
        "4" : 0.000000,
        "10" : 0.000000,
        "20" : 0.000000,
        "50" : 0.000000,
        "100" : 0.000000,
        "250" : 0.000000,
        "500" : 0.000000,
        "750" : 0.000000,
        "1000" : 0.000000
      },
      "latency_ms" : {
        "2" : 0.000000,
        "4" : 0.000000,
        "10" : 0.000000,
        "20" : 0.000000,
        "50" : 0.000000,
        "100" : 0.000000,
        "250" : 100.000000,
        "500" : 0.000000,
        "750" : 0.000000,
        "1000" : 0.000000,
        "2000" : 0.000000,
        ">=2000" : 0.000000
      },
      "latency_depth" : 1,
      "latency_target" : 0,
      "latency_percentile" : 100.000000,
      "latency_window" : 0
    }
  ],
  "disk_util" : [
    {
      "name" : "sdc",
      "read_ios" : 0,
      "write_ios" : 106,
      "read_sectors" : 0,
      "write_sectors" : 24208,
      "read_merges" : 0,
      "write_merges" : 0,
      "read_ticks" : 0,
      "write_ticks" : 28209,
      "in_queue" : 28209,
      "util" : 97.968698
    }
  ]
}
