{
  "fio version" : "fio-3.36",
  "timestamp" : 1768426852,
  "timestamp_ms" : 1768426852573,
  "time" : "Wed Jan 14 21:40:52 2026",
  "jobs" : [
    {
      "jobname" : "usbip_migration_rand_write_4k_qd1",
      "groupid" : 0,
      "job_start" : 1768426675062,
      "error" : 0,
      "eta" : 0,
      "elapsed" : 178,
      "job options" : {
        "name" : "usbip_migration_rand_write_4k_qd1",
        "filename" : "/mnt/usb/fio_test.bin",
        "rw" : "randwrite",
        "bs" : "4k",
        "direct" : "1",
        "iodepth" : "1",
        "numjobs" : "1",
        "time_based" : "1",
        "runtime" : "120",
        "group_reporting" : "1",
        "size" : "256M"
      },
      "read" : {
        "io_bytes" : 0,
        "io_kbytes" : 0,
        "bw_bytes" : 0,
        "bw" : 0,
        "iops" : 0.000000,
        "runtime" : 0,
        "total_ios" : 0,
        "short_ios" : 0,
        "drop_ios" : 0,
        "slat_ns" : {
          "min" : 0,
          "max" : 0,
          "mean" : 0.000000,
          "stddev" : 0.000000,
          "N" : 0
        },
        "clat_ns" : {
          "min" : 0,
          "max" : 0,
          "mean" : 0.000000,
          "stddev" : 0.000000,
          "N" : 0
        },
        "lat_ns" : {
          "min" : 0,
          "max" : 0,
          "mean" : 0.000000,
          "stddev" : 0.000000,
          "N" : 0
        },
        "bw_min" : 0,
        "bw_max" : 0,
        "bw_agg" : 0.000000,
        "bw_mean" : 0.000000,
        "bw_dev" : 0.000000,
        "bw_samples" : 0,
        "iops_min" : 0,
        "iops_max" : 0,
        "iops_mean" : 0.000000,
        "iops_stddev" : 0.000000,
        "iops_samples" : 0
      },
      "write" : {
        "io_bytes" : 32768,
        "io_kbytes" : 32,
        "bw_bytes" : 184,
        "bw" : 0,
        "iops" : 0.045073,
        "runtime" : 177489,
        "total_ios" : 8,
        "short_ios" : 0,
        "drop_ios" : 0,
        "slat_ns" : {
          "min" : 0,
          "max" : 0,
          "mean" : 0.000000,
          "stddev" : 0.000000,
          "N" : 0
        },
        "clat_ns" : {
          "min" : 4040880819,
          "max" : 148555671406,
          "mean" : 22186081212.750000,
          "stddev" : 51061099578.489365,
          "N" : 8,
          "percentile" : {
            "1.000000" : 4043309056,
            "5.000000" : 4043309056,
            "10.000000" : 4043309056,
            "20.000000" : 4076863488,
            "30.000000" : 4076863488,
            "40.000000" : 4076863488,
            "50.000000" : 4076863488,
            "60.000000" : 4143972352,
            "70.000000" : 4177526784,
            "80.000000" : 4328521728,
            "90.000000" : 17112760320,
            "95.000000" : 17112760320,
            "99.000000" : 17112760320,
            "99.500000" : 17112760320,
            "99.900000" : 17112760320,
            "99.950000" : 17112760320,
            "99.990000" : 17112760320
          }
        },
        "lat_ns" : {
          "min" : 4040881620,
          "max" : 148555672188,
          "mean" : 22186081950.625000,
          "stddev" : 51061099596.274010,
          "N" : 8
        },
        "bw_min" : 7,
        "bw_max" : 8,
        "bw_agg" : 100.000000,
        "bw_mean" : 7.857143,
        "bw_dev" : 0.377964,
        "bw_samples" : 7,
        "iops_min" : 1,
        "iops_max" : 2,
        "iops_mean" : 1.857143,
        "iops_stddev" : 0.377964,
        "iops_samples" : 7
      },
      "trim" : {
        "io_bytes" : 0,
        "io_kbytes" : 0,
        "bw_bytes" : 0,
        "bw" : 0,
        "iops" : 0.000000,
        "runtime" : 0,
        "total_ios" : 0,
        "short_ios" : 0,
        "drop_ios" : 0,
        "slat_ns" : {
          "min" : 0,
          "max" : 0,
          "mean" : 0.000000,
          "stddev" : 0.000000,
          "N" : 0
        },
        "clat_ns" : {
          "min" : 0,
          "max" : 0,
          "mean" : 0.000000,
          "stddev" : 0.000000,
          "N" : 0
        },
        "lat_ns" : {
          "min" : 0,
          "max" : 0,
          "mean" : 0.000000,
          "stddev" : 0.000000,
          "N" : 0
        },
        "bw_min" : 0,
        "bw_max" : 0,
        "bw_agg" : 0.000000,
        "bw_mean" : 0.000000,
        "bw_dev" : 0.000000,
        "bw_samples" : 0,
        "iops_min" : 0,
        "iops_max" : 0,
        "iops_mean" : 0.000000,
        "iops_stddev" : 0.000000,
        "iops_samples" : 0
      },
      "sync" : {
        "total_ios" : 0,
        "lat_ns" : {
          "min" : 0,
          "max" : 0,
          "mean" : 0.000000,
          "stddev" : 0.000000,
          "N" : 0
        }
      },
      "job_runtime" : 177488,
      "usr_cpu" : 0.000000,
      "sys_cpu" : 0.002254,
      "ctx" : 136,
      "majf" : 0,
      "minf" : 11,
      "iodepth_level" : {
        "1" : 100.000000,
        "2" : 0.000000,
        "4" : 0.000000,
        "8" : 0.000000,
        "16" : 0.000000,
        "32" : 0.000000,
        ">=64" : 0.000000
      },
      "iodepth_submit" : {
        "0" : 0.000000,
        "4" : 100.000000,
        "8" : 0.000000,
        "16" : 0.000000,
        "32" : 0.000000,
        "64" : 0.000000,
        ">=64" : 0.000000
      },
      "iodepth_complete" : {
        "0" : 0.000000,
        "4" : 100.000000,
        "8" : 0.000000,
        "16" : 0.000000,
        "32" : 0.000000,
        "64" : 0.000000,
        ">=64" : 0.000000
      },
      "latency_ns" : {
        "2" : 0.000000,
        "4" : 0.000000,
        "10" : 0.000000,
        "20" : 0.000000,
        "50" : 0.000000,
        "100" : 0.000000,
        "250" : 0.000000,
        "500" : 0.000000,
        "750" : 0.000000,
        "1000" : 0.000000
      },
      "latency_us" : {
        "2" : 0.000000,
        "4" : 0.000000,
        "10" : 0.000000,
        "20" : 0.000000,
        "50" : 0.000000,
        "100" : 0.000000,
        "250" : 0.000000,
        "500" : 0.000000,
        "750" : 0.000000,
        "1000" : 0.000000
      },
      "latency_ms" : {
        "2" : 0.000000,
        "4" : 0.000000,
        "10" : 0.000000,
        "20" : 0.000000,
        "50" : 0.000000,
        "100" : 0.000000,
        "250" : 0.000000,
        "500" : 0.000000,
        "750" : 0.000000,
        "1000" : 0.000000,
        "2000" : 0.000000,
        ">=2000" : 100.000000
      },
      "latency_depth" : 1,
      "latency_target" : 0,
      "latency_percentile" : 100.000000,
      "latency_window" : 0
    }
  ],
  "disk_util" : [
    {
      "name" : "sdb",
      "read_ios" : 126,
      "write_ios" : 7,
      "read_sectors" : 126,
      "write_sectors" : 56,
      "read_merges" : 0,
      "write_merges" : 0,
      "read_ticks" : 115,
      "write_ticks" : 28814,
      "in_queue" : 28929,
      "util" : 78.347986
    }
  ]
}
